Mass Full,Mass Empty,Liquid Fuel,Oxidizer,Cost Full
0.1,0.01,0.017,0.068,0
4.5,0.5,0.755555556,3.022222222,0
36,4,6.044444444,24.17777778,0
162,18,27.2,108.8,0
288,32,48.35555556,193.4222222,0
